,Manufacturer,Foundry,Architecture,Abritary Gen,Gen Year,FP32 (float) in GFLOPS,Memory Size (MB),Memory Type,Bus Width (bits),GPU clock (MHz),Memory clock (MHz),Process Size (nm),Transistors (millions),Density (M/mm²),Die Size (mm²),Max. TDP (W),Pixel Rate (GPixel/s),Texture Rate (GTexel/s),L2 Cache (KB),Shading Units
0,Nvidia,UMC,Tesla,1,2006,20.8,256.0,DDR2,64,540.0,400.0,65.0,210.0,2.4,86.0,40.0,2.16,2.16,16.0,8
1,Nvidia,TSMC,Tesla,1,2006,117.5,512.0,DDR2,128,738.0,504.0,55.0,314.0,2.6,121.0,50.0,5.904,11.81,32.0,32
2,Nvidia,TSMC,Tesla,1,2006,89.6,512.0,GDDR3,128,550.0,800.0,55.0,314.0,2.6,121.0,50.0,4.4,8.8,32.0,32
3,Nvidia,TSMC,Tesla,1,2006,120.0,512.0,DDR2,192,500.0,500.0,55.0,505.0,2.6,196.0,105.0,6.0,12.0,64.0,64
4,Nvidia,TSMC,Tesla,1,2006,144.0,512.0,GDDR3,192,600.0,792.0,55.0,505.0,2.6,196.0,105.0,7.2,14.4,64.0,64
5,Nvidia,TSMC,Tesla,1,2006,208.0,1024.0,GDDR3,256,650.0,900.0,55.0,505.0,2.6,196.0,105.0,10.4,20.8,64.0,64
6,Nvidia,TSMC,Tesla,1,2006,470.0,1024.0,GDDR3,256,738.0,1000.0,65.0,754.0,2.3,324.0,640.0,11.81,47.23,64.0,128
7,Nvidia,TSMC,Tesla 2.0,2,2007,44.86,512.0,DDR2,64,589.0,400.0,40.0,260.0,4.6,57.0,50.0,2.356,4.712,32.0,16
8,Nvidia,TSMC,Tesla 2.0,2,2007,35.2,512.0,DDR2,64,475.0,400.0,40.0,486.0,4.9,100.0,58.0,1.9,3.8,64.0,48
9,Nvidia,TSMC,Tesla 2.0,2,2007,35.2,1024.0,DDR2,64,475.0,400.0,40.0,486.0,4.9,100.0,58.0,1.9,3.8,64.0,48
10,Nvidia,TSMC,Tesla 2.0,2,2007,39.36,512.0,DDR3,64,520.0,400.0,40.0,260.0,4.6,57.0,50.0,2.08,4.16,32.0,16
11,Nvidia,TSMC,Tesla 2.0,2,2007,39.36,1024.0,DDR3,64,520.0,400.0,40.0,260.0,4.6,57.0,50.0,2.08,4.16,32.0,16
12,Nvidia,TSMC,Tesla,1,2006,43.2,512.0,DDR2,64,550.0,504.0,55.0,314.0,2.6,121.0,50.0,2.2,4.4,32.0,32
13,Nvidia,TSMC,Tesla 2.0,2,2007,44.86,128.0,DDR2,64,589.0,400.0,40.0,260.0,4.6,57.0,50.0,2.356,4.712,32.0,16
14,Nvidia,TSMC,Tesla 2.0,2,2007,97.15,512.0,GDDR3,128,506.0,700.0,40.0,727.0,5.0,144.0,75.0,4.048,8.096,64.0,96
15,Nvidia,TSMC,Tesla 2.0,2,2007,127.7,512.0,DDR2,128,615.0,1000.0,40.0,486.0,4.9,100.0,58.0,4.92,9.84,64.0,48
16,Nvidia,TSMC,Tesla,1,2006,144.0,1024.0,GDDR3,128,600.0,700.0,65.0,505.0,2.1,240.0,95.0,4.8,14.4,64.0,64
17,Nvidia,TSMC,Tesla,1,2006,240.0,1536.0,DDR2,192,500.0,500.0,55.0,754.0,2.9,260.0,150.0,6.0,24.0,64.0,128
18,Nvidia,TSMC,Tesla,1,2006,156.0,512.0,GDDR3,256,650.0,900.0,55.0,505.0,2.6,196.0,105.0,10.4,15.6,64.0,64
19,Nvidia,TSMC,Tesla,1,2006,362.9,1024.0,GDDR3,256,675.0,1100.0,55.0,754.0,2.9,260.0,150.0,10.8,37.8,64.0,128
20,Nvidia,TSMC,Tesla 2.0,2,2007,257.3,1024.0,GDDR5,128,550.0,850.0,40.0,727.0,5.0,144.0,75.0,4.4,17.6,64.0,96
21,Nvidia,TSMC,Tesla,1,2006,414.7,1024.0,GDDR3,256,675.0,1008.0,55.0,754.0,2.9,260.0,150.0,10.8,43.2,64.0,128
22,Nvidia,TSMC,Tesla,1,2006,387.1,1024.0,GDDR3,256,702.0,1000.0,55.0,754.0,2.9,260.0,150.0,11.23,44.93,64.0,128
23,Nvidia,TSMC,Tesla 2.0,2,2007,414.7,1792.0,GDDR3,448,518.0,1008.0,65.0,1400.0,2.4,576.0,236.0,14.5,33.15,256.0,240
24,Nvidia,TSMC,Tesla 2.0,2,2007,476.9,896.0,GDDR3,448,576.0,999.0,65.0,1400.0,2.4,576.0,236.0,16.13,36.86,256.0,240
25,Nvidia,TSMC,Tesla 2.0,2,2007,476.9,896.0,GDDR3,448,576.0,999.0,55.0,1400.0,3.0,470.0,800.0,16.13,36.86,256.0,240
26,Nvidia,TSMC,Tesla 2.0,2,2007,536.5,896.0,GDDR3,448,576.0,999.0,65.0,1400.0,2.4,576.0,236.0,16.13,41.47,256.0,240
27,Nvidia,TSMC,Tesla 2.0,2,2007,536.5,896.0,GDDR3,448,576.0,999.0,55.0,1400.0,3.0,470.0,800.0,16.13,41.47,256.0,240
28,Nvidia,TSMC,Tesla 2.0,2,2007,673.9,896.0,GDDR3,448,633.0,1134.0,55.0,1400.0,3.0,470.0,800.0,17.72,50.64,256.0,240
29,Nvidia,TSMC,Tesla 2.0,2,2007,622.1,896.0,GDDR3,448,633.0,1134.0,55.0,1400.0,3.0,470.0,800.0,17.72,50.64,256.0,240
30,Nvidia,TSMC,Tesla 2.0,2,2007,622.1,1024.0,GDDR3,512,602.0,1107.0,65.0,1400.0,2.4,576.0,236.0,19.26,48.16,256.0,240
31,Nvidia,TSMC,Tesla 2.0,2,2007,708.5,1024.0,GDDR3,512,648.0,1242.0,55.0,1400.0,3.0,470.0,800.0,20.74,51.84,256.0,240
32,Nvidia,TSMC,Tesla 2.0,2,2007,708.5,1024.0,GDDR3,512,648.0,1242.0,55.0,1400.0,3.0,470.0,800.0,20.74,51.84,256.0,240
33,Nvidia,TSMC,Tesla 2.0,2,2007,708.5,2048.0,GDDR3,512,648.0,1152.0,55.0,1400.0,3.0,470.0,800.0,20.74,51.84,256.0,240
34,Nvidia,TSMC,Tesla 2.0,2,2007,596.2,896.0,GDDR3,448,576.0,999.0,55.0,1400.0,3.0,470.0,800.0,16.13,46.08,256.0,240
35,Nvidia,TSMC,Tesla 2.0,2,2007,596.2,896.0,GDDR3,448,576.0,1008.0,55.0,1400.0,3.0,470.0,800.0,16.13,46.08,256.0,240
36,Nvidia,TSMC,Tesla 2.0,2,2007,44.86,512.0,DDR2,64,589.0,333.0,40.0,260.0,4.6,57.0,50.0,2.356,4.712,32.0,16
37,Nvidia,TSMC,Tesla 2.0,2,2007,44.86,1024.0,DDR3,64,589.0,600.0,40.0,260.0,4.6,57.0,50.0,2.356,4.712,32.0,16
38,Nvidia,TSMC,Tesla 2.0,2,2007,97.15,256.0,DDR2,64,506.0,350.0,40.0,727.0,5.0,144.0,75.0,2.024,8.096,64.0,96
39,Nvidia,TSMC,Tesla 2.0,2,2007,105.6,512.0,DDR3,64,475.0,790.0,40.0,486.0,4.9,100.0,58.0,3.8,7.6,64.0,48
40,Nvidia,TSMC,Tesla 2.0,2,2007,187.5,1024.0,GDDR3,128,540.0,790.0,40.0,727.0,5.0,144.0,75.0,4.32,12.96,64.0,96
41,Nvidia,TSMC,Tesla 2.0,2,2007,250.4,1024.0,GDDR3,128,540.0,790.0,40.0,727.0,5.0,144.0,75.0,4.32,17.28,64.0,96
42,Nvidia,TSMC,Tesla 2.0,2,2007,257.3,512.0,GDDR3,128,550.0,1000.0,40.0,727.0,5.0,144.0,75.0,4.4,17.6,64.0,96
43,Nvidia,TSMC,Tesla,1,2006,240.0,256.0,DDR2,128,500.0,510.0,55.0,754.0,2.9,260.0,150.0,8.0,24.0,64.0,128
44,Nvidia,TSMC,Tesla,1,2006,240.0,1024.0,GDDR3,256,500.0,800.0,65.0,754.0,2.3,324.0,640.0,4.0,24.0,64.0,128
45,Nvidia,TSMC,Tesla 2.0,2,2007,257.3,1024.0,GDDR3,128,550.0,850.0,40.0,727.0,5.0,144.0,75.0,4.4,17.6,64.0,96
46,Nvidia,TSMC,Tesla 2.0,2,2007,44.86,512.0,DDR3,64,589.0,790.0,40.0,260.0,4.6,57.0,50.0,2.356,4.712,32.0,16
47,Nvidia,TSMC,Tesla 2.0,2,2007,52.8,1024.0,DDR2,128,475.0,400.0,40.0,486.0,4.9,100.0,58.0,3.8,5.7,64.0,48
48,Nvidia,TSMC,Tesla 2.0,2,2007,105.6,512.0,DDR3,64,475.0,800.0,40.0,486.0,4.9,100.0,58.0,3.8,7.6,64.0,48
49,Nvidia,TSMC,Tesla 2.0,2,2007,130.6,512.0,DDR3,128,625.0,333.0,40.0,486.0,4.9,100.0,58.0,5.0,10.0,64.0,48
50,Nvidia,TSMC,Fermi,3,2010,134.4,1024.0,DDR3,128,700.0,900.0,40.0,585.0,5.0,116.0,65.0,1.4,2.8,256.0,96
51,Nvidia,TSMC,Fermi,3,2010,268.8,512.0,DDR3,64,700.0,600.0,40.0,585.0,5.0,116.0,65.0,2.8,11.2,256.0,96
52,Nvidia,TSMC,Fermi,3,2010,268.8,512.0,DDR3,64,700.0,800.0,40.0,585.0,5.0,116.0,65.0,2.8,11.2,256.0,96
53,Nvidia,TSMC,Fermi,3,2010,268.8,2048.0,DDR3,128,700.0,800.0,40.0,585.0,5.0,116.0,65.0,2.8,11.2,256.0,96
54,Nvidia,TSMC,Fermi,3,2010,311.0,1024.0,DDR3,128,810.0,900.0,40.0,585.0,5.0,116.0,65.0,3.24,12.96,256.0,96
55,Nvidia,TSMC,Fermi,3,2010,311.0,1024.0,DDR3,128,810.0,667.0,40.0,585.0,5.0,116.0,65.0,3.24,12.96,256.0,96
56,Nvidia,TSMC,Fermi,3,2010,466.6,1536.0,DDR3,192,810.0,900.0,40.0,1170.0,4.9,238.0,106.0,4.86,19.44,384.0,192
57,Nvidia,TSMC,Fermi,3,2010,451.0,512.0,GDDR5,128,783.0,902.0,40.0,1170.0,4.9,238.0,106.0,4.698,18.79,384.0,192
58,Nvidia,TSMC,Fermi,3,2010,455.0,1536.0,GDDR5,192,790.0,1000.0,40.0,1170.0,4.9,238.0,106.0,4.74,18.96,384.0,192
59,Nvidia,TSMC,Fermi,3,2010,601.3,1024.0,GDDR5,128,783.0,902.0,40.0,1170.0,4.9,238.0,106.0,6.264,25.06,384.0,192
60,Nvidia,TSMC,Fermi 2.0,4,2011,601.3,1024.0,GDDR5,128,783.0,902.0,40.0,1170.0,4.9,238.0,116.0,6.264,25.06,384.0,192
61,Nvidia,TSMC,Fermi 2.0,4,2011,451.0,1024.0,DDR3,128,783.0,700.0,40.0,1170.0,4.9,238.0,116.0,4.698,18.79,384.0,192
62,Nvidia,TSMC,Fermi,3,2010,748.8,1024.0,GDDR5,256,650.0,850.0,40.0,1950.0,5.9,332.0,160.0,7.8,31.2,512.0,384
63,Nvidia,TSMC,Fermi 2.0,4,2011,748.8,768.0,GDDR5,192,650.0,850.0,40.0,1950.0,5.9,332.0,170.0,7.8,31.2,512.0,384
64,Nvidia,TSMC,Fermi,3,2010,873.6,1024.0,GDDR5,256,650.0,850.0,40.0,1950.0,5.9,332.0,160.0,9.1,36.4,512.0,384
65,Nvidia,TSMC,Fermi,3,2010,907.2,768.0,GDDR5,192,675.0,900.0,40.0,1950.0,5.9,332.0,160.0,9.45,37.8,512.0,384
66,Nvidia,TSMC,Fermi,3,2010,907.2,1024.0,GDDR5,256,675.0,900.0,40.0,1950.0,5.9,332.0,160.0,9.45,37.8,512.0,384
67,Nvidia,TSMC,Fermi 2.0,4,2011,1046.0,1024.0,GDDR5,192,779.0,1002.0,40.0,1950.0,5.9,332.0,170.0,10.91,43.62,512.0,384
68,Nvidia,TSMC,Fermi 2.0,4,2011,1046.0,1280.0,GDDR5,256,779.0,1002.0,40.0,1950.0,5.9,332.0,170.0,10.91,43.62,512.0,384
69,Nvidia,TSMC,Fermi,3,2010,941.5,1024.0,GDDR5,256,701.0,900.0,40.0,1950.0,5.9,332.0,160.0,9.814,39.26,512.0,384
70,Nvidia,TSMC,Fermi,3,2010,855.4,1024.0,GDDR5,256,608.0,802.0,40.0,3100.0,5.9,529.0,900.0,13.38,26.75,768.0,512
71,Nvidia,TSMC,Fermi,3,2010,1089.0,1280.0,GDDR5,320,608.0,837.0,40.0,3100.0,5.9,529.0,900.0,17.02,34.05,768.0,512
72,Nvidia,TSMC,Fermi,3,2010,1089.0,1280.0,GDDR5,320,608.0,837.0,40.0,3100.0,5.9,529.0,900.0,17.02,34.05,768.0,512
73,Nvidia,TSMC,Fermi,3,2010,855.4,1024.0,GDDR5,256,608.0,837.0,40.0,3100.0,5.9,529.0,900.0,13.38,26.75,768.0,512
74,Nvidia,TSMC,Fermi,3,2010,1345.0,1536.0,GDDR5,384,701.0,924.0,40.0,3100.0,5.9,529.0,900.0,21.03,42.06,768.0,512
75,Nvidia,TSMC,Fermi,3,2010,1078.0,1536.0,GDDR5,384,527.0,700.0,40.0,3100.0,5.9,529.0,900.0,16.86,33.73,768.0,512
76,Nvidia,TSMC,Fermi,3,2010,1166.0,1536.0,GDDR5,384,608.0,854.0,40.0,3100.0,5.9,529.0,900.0,18.24,36.48,768.0,512
77,Nvidia,TSMC,Tesla 2.0,2,2007,44.86,512.0,DDR3,64,589.0,600.0,40.0,260.0,4.6,57.0,50.0,2.356,4.712,32.0,16
78,Nvidia,TSMC,Tesla 2.0,2,2007,49.49,1024.0,DDR3,128,615.0,700.0,40.0,486.0,4.9,100.0,58.0,4.92,7.38,64.0,48
79,Nvidia,TSMC,Fermi 2.0,4,2011,100.4,1024.0,DDR3,64,523.0,898.0,40.0,292.0,3.7,79.0,30.0,1.046,4.184,128.0,48
80,Nvidia,TSMC,Fermi 2.0,4,2011,155.5,1024.0,DDR3,64,810.0,900.0,40.0,292.0,3.7,79.0,30.0,1.62,6.48,128.0,48
81,Nvidia,TSMC,Fermi 2.0,4,2011,155.5,1024.0,DDR3,64,810.0,900.0,40.0,292.0,3.7,79.0,30.0,1.62,6.48,128.0,48
82,Nvidia,TSMC,Fermi,3,2010,134.4,1024.0,DDR3,64,700.0,667.0,40.0,585.0,5.0,116.0,65.0,1.4,5.6,256.0,96
83,Nvidia,TSMC,Fermi 2.0,4,2011,134.6,1024.0,DDR3,64,589.0,500.0,40.0,292.0,3.7,79.0,30.0,2.356,4.712,128.0,48
84,Nvidia,TSMC,Fermi 2.0,4,2011,155.5,1024.0,DDR3,64,810.0,900.0,40.0,292.0,3.7,79.0,30.0,1.62,6.48,128.0,48
85,Nvidia,TSMC,Fermi,3,2010,268.8,1024.0,DDR3,128,700.0,900.0,40.0,585.0,5.0,116.0,65.0,2.8,11.2,256.0,96
86,Nvidia,TSMC,Fermi 2.0,4,2011,501.4,1024.0,GDDR5,128,871.0,1000.0,40.0,1170.0,4.9,238.0,116.0,5.226,20.9,384.0,192
87,Nvidia,TSMC,Fermi 2.0,4,2011,414.7,1536.0,DDR3,192,720.0,800.0,40.0,1170.0,4.9,238.0,116.0,4.32,17.28,384.0,192
88,Nvidia,TSMC,Fermi 2.0,4,2011,691.2,1024.0,GDDR5,192,900.0,1026.0,40.0,1170.0,4.9,238.0,116.0,7.2,28.8,384.0,192
89,Nvidia,TSMC,Fermi 2.0,4,2011,847.9,1024.0,GDDR5,192,736.0,957.0,40.0,1950.0,5.9,332.0,170.0,8.832,35.33,512.0,384
90,Nvidia,TSMC,Fermi 2.0,4,2011,847.9,1024.0,GDDR5,192,736.0,957.0,40.0,1950.0,5.9,332.0,170.0,8.832,35.33,512.0,384
91,Nvidia,TSMC,Fermi 2.0,4,2011,1089.0,1024.0,GDDR5,256,810.0,1000.0,40.0,1950.0,5.9,332.0,170.0,11.34,45.36,512.0,384
92,Nvidia,TSMC,Fermi 2.0,4,2011,847.9,1280.0,GDDR5,320,552.0,802.0,40.0,3000.0,5.8,520.0,600.0,13.25,26.5,768.0,512
93,Nvidia,TSMC,Fermi 2.0,4,2011,1031.0,1280.0,GDDR5,256,732.0,950.0,40.0,3000.0,5.8,520.0,600.0,16.1,32.21,768.0,512
94,Nvidia,TSMC,Fermi 2.0,4,2011,1263.0,1024.0,GDDR5,256,823.0,1002.0,40.0,1950.0,5.9,332.0,170.0,13.17,52.67,512.0,384
95,Nvidia,TSMC,Fermi 2.0,4,2011,1263.0,1024.0,GDDR5,256,823.0,1002.0,40.0,1950.0,5.9,332.0,170.0,13.17,52.67,512.0,384
96,Nvidia,TSMC,Fermi 2.0,4,2011,1312.0,1280.0,GDDR5,320,732.0,950.0,40.0,3000.0,5.8,520.0,600.0,20.5,40.99,768.0,512
97,Nvidia,TSMC,Fermi 2.0,4,2011,1306.0,1024.0,GDDR5,256,850.0,1002.0,40.0,1950.0,5.9,332.0,170.0,13.6,54.4,512.0,384
98,Nvidia,TSMC,Fermi 2.0,4,2011,1405.0,1280.0,GDDR5,320,732.0,950.0,40.0,3000.0,5.8,520.0,600.0,21.96,43.92,768.0,512
99,Nvidia,TSMC,Fermi 2.0,4,2011,1405.0,1280.0,GDDR5,320,732.0,950.0,40.0,3000.0,5.8,520.0,600.0,21.96,43.92,768.0,512
100,Nvidia,TSMC,Fermi 2.0,4,2011,1581.0,1536.0,GDDR5,384,772.0,1002.0,40.0,3000.0,5.8,520.0,600.0,24.7,49.41,768.0,512
101,Nvidia,TSMC,Fermi 2.0,4,2011,1581.0,1536.0,GDDR5,384,772.0,1002.0,40.0,3000.0,5.8,520.0,600.0,24.7,49.41,768.0,512
102,Nvidia,TSMC,Fermi 2.0,4,2011,1244.0,1536.0,GDDR5,384,608.0,854.0,40.0,3000.0,5.8,520.0,600.0,19.46,38.91,768.0,512
103,Nvidia,TSMC,Fermi 2.0,4,2011,100.4,512.0,DDR3,64,523.0,897.0,40.0,292.0,3.7,79.0,30.0,1.046,4.184,128.0,48
104,Nvidia,TSMC,Fermi,3,2010,126.7,1024.0,DDR3,128,660.0,900.0,40.0,585.0,5.0,116.0,65.0,1.32,5.28,256.0,96
105,Nvidia,TSMC,Fermi 2.0,4,2011,155.5,512.0,DDR3,64,810.0,667.0,40.0,292.0,3.7,79.0,30.0,1.62,6.48,128.0,48
106,Nvidia,TSMC,Fermi 2.0,4,2011,155.5,512.0,DDR3,64,810.0,500.0,40.0,292.0,3.7,79.0,30.0,1.62,6.48,128.0,48
107,Nvidia,TSMC,Fermi,3,2010,134.6,2048.0,DDR3,64,701.0,500.0,40.0,585.0,5.0,116.0,65.0,1.402,5.608,256.0,96
108,Nvidia,TSMC,Fermi 2.0,4,2011,115.2,1024.0,DDR3,64,550.0,500.0,40.0,292.0,3.7,79.0,30.0,2.2,4.4,128.0,48
109,Nvidia,TSMC,Fermi 2.0,4,2011,155.5,1024.0,DDR3,64,810.0,898.0,40.0,292.0,3.7,79.0,30.0,1.62,6.48,128.0,48
110,Nvidia,TSMC,Fermi 2.0,4,2011,155.5,512.0,DDR3,64,810.0,898.0,40.0,292.0,3.7,79.0,30.0,1.62,6.48,128.0,48
111,Nvidia,TSMC,Fermi,3,2010,268.8,1024.0,DDR3,64,700.0,900.0,40.0,585.0,5.0,116.0,65.0,2.8,11.2,256.0,96
112,Nvidia,TSMC,Fermi 2.0,4,2011,167.8,1024.0,DDR3,64,874.0,825.0,40.0,292.0,3.7,79.0,30.0,1.748,6.992,128.0,48
113,Nvidia,TSMC,Kepler,5,2012,336.0,1024.0,DDR3,128,875.0,891.0,28.0,1270.0,10.8,118.0,225.0,3.5,14.0,256.0,384
114,Nvidia,TSMC,Fermi,3,2010,311.0,1024.0,DDR3,128,810.0,900.0,40.0,585.0,5.0,116.0,65.0,3.24,12.96,256.0,96
115,Nvidia,TSMC,Kepler 2.0,6,2013,692.7,2048.0,DDR3,64,902.0,900.0,28.0,1020.0,11.7,87.0,49.0,7.216,28.86,512.0,384
116,Nvidia,TSMC,Kepler 2.0,6,2013,692.7,2048.0,DDR3,64,902.0,900.0,28.0,1020.0,11.7,87.0,49.0,7.216,28.86,512.0,384
117,Nvidia,TSMC,Kepler 2.0,6,2013,742.7,1024.0,DDR3,64,967.0,900.0,28.0,1020.0,11.7,87.0,49.0,7.736,30.94,512.0,384
118,Nvidia,TSMC,Fermi 2.0,4,2011,414.7,1536.0,DDR3,192,720.0,800.0,40.0,1170.0,4.9,238.0,116.0,4.32,17.28,384.0,192
119,Nvidia,TSMC,Kepler,5,2012,612.1,2048.0,DDR3,128,797.0,891.0,28.0,1270.0,10.8,118.0,225.0,6.376,25.5,256.0,384
120,Nvidia,TSMC,Kepler,5,2012,692.7,2048.0,DDR3,128,902.0,891.0,28.0,1270.0,10.8,118.0,225.0,7.216,28.86,256.0,384
121,Nvidia,TSMC,Kepler 2.0,6,2013,803.3,1024.0,GDDR5,64,1046.0,1252.0,28.0,1020.0,11.7,87.0,49.0,8.368,33.47,512.0,384
122,Nvidia,TSMC,Fermi 2.0,4,2011,894.0,1024.0,GDDR5,192,776.0,957.0,40.0,1950.0,5.9,332.0,170.0,9.312,37.25,512.0,384
123,Nvidia,TSMC,Kepler,5,2012,949.2,1024.0,GDDR5,128,824.0,1000.0,28.0,2540.0,11.5,221.0,110.0,9.888,39.55,256.0,768
124,Nvidia,TSMC,Kepler,5,2012,812.5,1024.0,GDDR5,128,1058.0,1250.0,28.0,1270.0,10.8,118.0,225.0,8.464,33.86,256.0,384
125,Nvidia,TSMC,Kepler,5,2012,812.5,1024.0,GDDR5,128,1058.0,1250.0,28.0,2540.0,11.5,221.0,150.0,8.464,33.86,512.0,960
126,Nvidia,TSMC,Kepler,5,2012,1425.0,1024.0,GDDR5,128,928.0,1350.0,28.0,2540.0,11.5,221.0,110.0,14.85,59.39,256.0,768
127,Nvidia,TSMC,Kepler,5,2012,1425.0,2048.0,GDDR5,128,928.0,1350.0,28.0,2540.0,11.5,221.0,150.0,14.85,59.39,512.0,960
128,Nvidia,TSMC,Kepler,5,2012,1585.0,2048.0,GDDR5,192,980.0,1502.0,28.0,2540.0,11.5,221.0,150.0,16.51,66.05,512.0,960
129,Nvidia,TSMC,Kepler,5,2012,1981.0,2048.0,GDDR5,192,980.0,1502.0,28.0,2540.0,11.5,221.0,150.0,20.64,82.56,512.0,960
130,Nvidia,TSMC,Kepler,5,2012,1981.0,2048.0,GDDR5,192,980.0,1502.0,28.0,3540.0,12.0,294.0,300.0,20.64,82.56,512.0,1536
131,Nvidia,TSMC,Kepler,5,2012,2045.9999999999998,1536.0,GDDR5,192,823.0,1400.0,28.0,3540.0,12.0,294.0,300.0,21.31,85.25,512.0,1536
132,Nvidia,TSMC,Kepler,5,2012,2045.9999999999998,2048.0,GDDR5,256,823.0,1400.0,28.0,3540.0,12.0,294.0,300.0,21.31,85.25,512.0,1536
133,Nvidia,TSMC,Kepler,5,2012,2634.0,2048.0,GDDR5,192,915.0,1502.0,28.0,3540.0,12.0,294.0,300.0,27.44,109.8,512.0,1536
134,Nvidia,TSMC,Kepler,5,2012,2634.0,2048.0,GDDR5,256,915.0,1502.0,28.0,3540.0,12.0,294.0,300.0,27.44,109.8,512.0,1536
135,Nvidia,TSMC,Kepler,5,2012,3250.0,2048.0,GDDR5,256,1006.0,1502.0,28.0,3540.0,12.0,294.0,300.0,33.86,135.4,512.0,1536
136,Nvidia,TSMC,Kepler,5,2012,3250.0,2048.0,GDDR5,256,1006.0,1502.0,28.0,3540.0,12.0,294.0,300.0,33.86,135.4,512.0,1536
137,Nvidia,TSMC,Kepler,5,2012,3130.0,2048.0,GDDR5,256,915.0,1502.0,28.0,3540.0,12.0,294.0,300.0,32.61,130.4,512.0,1536
138,Nvidia,TSMC,Fermi 2.0,4,2011,167.8,1024.0,DDR3,64,874.0,825.0,40.0,292.0,3.7,79.0,30.0,1.748,6.992,128.0,48
139,Nvidia,TSMC,Fermi 2.0,4,2011,155.5,1024.0,DDR3,64,810.0,898.0,40.0,292.0,3.7,79.0,30.0,1.62,6.48,128.0,48
140,Nvidia,TSMC,Kepler 2.0,6,2013,306.0,1024.0,DDR3,64,797.0,900.0,28.0,1020.0,11.7,87.0,38.0,3.188,12.75,512.0,384
141,Nvidia,TSMC,Kepler 2.0,6,2013,366.3,1024.0,DDR3,64,954.0,800.0,28.0,1020.0,11.7,87.0,38.0,3.816,15.26,512.0,384
142,Nvidia,TSMC,Kepler 2.0,6,2013,366.3,2048.0,DDR3,64,954.0,900.0,28.0,1020.0,11.7,87.0,49.0,3.816,15.26,512.0,384
143,Nvidia,TSMC,Kepler 2.0,6,2013,366.3,2048.0,DDR3,64,954.0,900.0,28.0,1020.0,11.7,87.0,38.0,3.816,15.26,512.0,384
144,Nvidia,TSMC,Kepler 2.0,6,2013,306.0,1024.0,DDR3,64,797.0,800.0,28.0,1020.0,11.7,87.0,38.0,3.188,12.75,512.0,384
145,Nvidia,TSMC,Kepler,5,2012,381.3,1024.0,DDR3,128,993.0,891.0,28.0,1270.0,10.8,118.0,225.0,3.972,15.89,256.0,384
146,Nvidia,TSMC,Kepler 2.0,6,2013,742.7,2048.0,DDR3,64,967.0,900.0,28.0,1020.0,11.7,87.0,49.0,7.736,30.94,512.0,384
147,Nvidia,TSMC,Fermi,3,2010,268.8,1024.0,DDR3,128,700.0,900.0,40.0,585.0,5.0,116.0,65.0,2.8,11.2,256.0,96
148,Nvidia,TSMC,Fermi,3,2010,268.8,2048.0,DDR3,128,700.0,800.0,40.0,585.0,5.0,116.0,65.0,2.8,11.2,256.0,96
149,Nvidia,TSMC,Kepler,5,2012,692.7,1024.0,GDDR5,64,902.0,1253.0,28.0,1270.0,10.8,118.0,225.0,7.216,28.86,256.0,384
150,Nvidia,TSMC,Kepler 2.0,6,2013,692.7,1024.0,GDDR5,64,902.0,1253.0,28.0,1020.0,11.7,87.0,38.0,7.216,28.86,512.0,384
151,Nvidia,TSMC,Kepler,5,2012,762.6,1024.0,GDDR5,128,993.0,1253.0,28.0,1270.0,10.8,118.0,225.0,7.944,31.78,256.0,384
152,Nvidia,TSMC,Kepler,5,2012,772.6,1024.0,GDDR5,128,1006.0,1253.0,28.0,2540.0,11.5,221.0,110.0,8.048,32.19,256.0,768
153,Nvidia,TSMC,Kepler,5,2012,793.3,1024.0,GDDR5,128,980.0,1253.0,28.0,2540.0,11.5,221.0,110.0,8.264,33.06,256.0,768
154,Nvidia,TSMC,Maxwell,7,2014,793.3,4096.0,DDR3,128,1033.0,900.0,28.0,1870.0,12.6,148.0,225.0,16.53,24.79,2048.0,640
155,Nvidia,TSMC,Maxwell,7,2014,1111.0,1024.0,GDDR5,128,1020.0,1253.0,28.0,1870.0,12.6,148.0,225.0,17.36,34.72,2048.0,640
156,Nvidia,TSMC,Maxwell 2.0,8,2015,1269.0,2048.0,GDDR5,128,1087.0,1253.0,28.0,2940.0,12.9,228.0,120.0,39.65,39.65,1024.0,1024
157,Nvidia,TSMC,Maxwell,7,2014,1389.0,2048.0,GDDR5,128,1020.0,1350.0,28.0,1870.0,12.6,148.0,225.0,17.36,43.4,2048.0,640
158,Nvidia,TSMC,Kepler,5,2012,2108.0,2048.0,GDDR5,256,1033.0,1502.0,28.0,2540.0,11.5,221.0,150.0,21.96,87.84,512.0,960
159,Nvidia,TSMC,Kepler,5,2012,2045.9999999999998,1536.0,GDDR5,192,823.0,1400.0,28.0,3540.0,12.0,294.0,300.0,21.31,85.25,512.0,1536
160,Nvidia,TSMC,Kepler,5,2012,2045.9999999999998,1536.0,GDDR5,256,823.0,1400.0,28.0,3540.0,12.0,294.0,300.0,21.31,85.25,512.0,1536
161,Nvidia,TSMC,Kepler,5,2012,2378.0,2048.0,GDDR5,256,980.0,1502.0,28.0,3540.0,12.0,294.0,300.0,24.77,99.07,512.0,1536
162,Nvidia,TSMC,Kepler,5,2012,2634.0,2048.0,GDDR5,256,915.0,1502.0,28.0,3540.0,12.0,294.0,300.0,27.44,109.8,512.0,1536
163,Nvidia,TSMC,Kepler,5,2012,2634.0,2048.0,GDDR5,256,915.0,1502.0,28.0,3540.0,12.0,294.0,300.0,27.44,109.8,512.0,1536
164,Nvidia,TSMC,Kepler,5,2012,2812.0,2048.0,GDDR5,256,993.0,1650.0,28.0,3540.0,12.0,294.0,300.0,29.29,117.2,512.0,1536
165,Nvidia,TSMC,Kepler,5,2012,2470.0,2048.0,GDDR5,256,1006.0,1502.0,28.0,3540.0,12.0,294.0,300.0,25.73,102.9,512.0,1536
166,Nvidia,TSMC,Kepler,5,2012,3333.0,2048.0,GDDR5,256,1046.0,1753.0,28.0,3540.0,12.0,294.0,300.0,34.72,138.9,512.0,1536
167,Nvidia,TSMC,Kepler,5,2012,4156.0,3072.0,GDDR5,384,863.0,1502.0,28.0,7080.0,12.6,561.0,250.0,43.3,173.2,1536.0,2880
168,Nvidia,TSMC,Kepler,5,2012,4156.0,3072.0,GDDR5,384,863.0,1502.0,28.0,7080.0,12.6,561.0,375.0,43.3,173.2,1536.0,2880
169,Nvidia,TSMC,Kepler,5,2012,4156.0,6144.0,GDDR5,384,863.0,1502.0,28.0,7080.0,12.6,561.0,375.0,43.3,173.2,1536.0,2880
170,Nvidia,TSMC,Kepler,5,2012,5345.0,3072.0,GDDR5,384,875.0,1753.0,28.0,7080.0,12.6,561.0,375.0,55.68,222.7,1536.0,2880
171,Nvidia,TSMC,Kepler,5,2012,5345.0,3072.0,GDDR5,384,875.0,1753.0,28.0,7080.0,12.6,561.0,250.0,55.68,222.7,1536.0,2880
172,Nvidia,TSMC,Kepler,5,2012,5345.0,6144.0,GDDR5,384,875.0,1753.0,28.0,7080.0,12.6,561.0,375.0,55.68,222.7,1536.0,2880
173,Nvidia,TSMC,Kepler,5,2012,4709.0,6144.0,GDDR5,384,836.0,1502.0,28.0,7080.0,12.6,561.0,250.0,49.06,196.2,1536.0,2880
174,Nvidia,TSMC,Kepler,5,2012,5645.0,6144.0,GDDR5,384,889.0,1750.0,28.0,7080.0,12.6,561.0,375.0,58.8,235.2,1536.0,2880
175,Nvidia,TSMC,Kepler,5,2012,5046.0,6144.0,GDDR5,384,705.0,1750.0,28.0,7080.0,12.6,561.0,375.0,52.56,210.2,1536.0,2880
176,Nvidia,TSMC,Maxwell 2.0,8,2015,1828.0,2048.0,GDDR5,128,1026.0,1653.0,28.0,2940.0,12.9,228.0,120.0,38.08,57.12,1024.0,1024
177,Nvidia,TSMC,Maxwell 2.0,8,2015,1825.0,2048.0,GDDR5,128,1024.0,1653.0,28.0,2940.0,12.9,228.0,120.0,38.02,57.02,1024.0,1024
178,Nvidia,TSMC,Maxwell 2.0,8,2015,2464.0,4096.0,GDDR5,128,937.0,1253.0,28.0,2940.0,12.9,228.0,,38.5,76.99,1024.0,1024
179,Nvidia,TSMC,Maxwell 2.0,8,2015,2460.0,4096.0,GDDR5,128,1176.0,1753.0,28.0,2940.0,12.9,228.0,120.0,38.43,76.86,1024.0,1024
180,Nvidia,TSMC,Maxwell 2.0,8,2015,2413.0,2048.0,GDDR5,128,1127.0,1753.0,28.0,2940.0,12.9,228.0,120.0,37.7,75.39,1024.0,1024
181,Nvidia,TSMC,Maxwell 2.0,8,2015,2657.0,3072.0,GDDR5,192,924.0,1253.0,28.0,5200.0,13.1,398.0,300.0,49.82,83.04,2048.0,2048
182,Nvidia,TSMC,Maxwell 2.0,8,2015,3920.0,4096.0,GDDR5,256,1050.0,1753.0,28.0,5200.0,13.1,398.0,300.0,65.97,122.5,2048.0,2048
183,Nvidia,TSMC,Maxwell 2.0,8,2015,4981.0,4096.0,GDDR5,256,1127.0,1753.0,28.0,5200.0,13.1,398.0,300.0,77.82,155.6,2048.0,2048
184,Nvidia,TSMC,Maxwell 2.0,8,2015,6060.0,6144.0,GDDR5,384,1000.0,1753.0,28.0,8000.0,13.3,601.0,250.0,103.3,189.4,3072.0,3072
185,Nvidia,TSMC,Maxwell 2.0,8,2015,6691.0,12288.0,GDDR5,384,1000.0,1753.0,28.0,8000.0,13.3,601.0,250.0,104.5,209.1,3072.0,3072
186,Nvidia,Samsung,Pascal,9,2016,706.6,2048.0,DDR4,64,1152.0,1050.0,14.0,1800.0,24.3,74.0,30.0,11.04,22.08,512.0,384
187,Nvidia,Samsung,Pascal,9,2016,751.6,2048.0,GDDR5,64,1228.0,1502.0,14.0,1800.0,24.3,74.0,30.0,11.74,23.49,512.0,384
188,Nvidia,Samsung,Pascal,9,2016,1059.0,2048.0,DDR4,64,1152.0,1050.0,14.0,1800.0,24.3,74.0,30.0,22.06,33.1,512.0,384
189,Nvidia,Samsung,Pascal,9,2016,1127.0,2048.0,GDDR5,64,1228.0,1502.0,14.0,1800.0,24.3,74.0,30.0,23.49,35.23,512.0,384
190,Nvidia,TSMC,Kepler,5,2012,812.5,2048.0,GDDR5,128,1058.0,1250.0,28.0,1270.0,10.8,118.0,225.0,8.464,33.86,256.0,384
191,Nvidia,Samsung,Pascal,9,2016,1862.0,2048.0,GDDR5,128,1354.0,1752.0,14.0,3300.0,25.0,132.0,75.0,46.56,58.2,1024.0,768
192,Nvidia,Samsung,Pascal,9,2016,2332.0,3072.0,GDDR5,96,1392.0,1752.0,14.0,3300.0,25.0,132.0,75.0,36.43,72.86,1024.0,768
193,Nvidia,Samsung,Pascal,9,2016,2138.0,4096.0,GDDR5,128,1291.0,1752.0,14.0,3300.0,25.0,132.0,75.0,44.54,66.82,1024.0,768
194,Nvidia,TSMC,Pascal,9,2016,3935.0,3072.0,GDDR5,192,1506.0,2002.0,16.0,4400.0,22.0,200.0,120.0,81.98,123.0,1536.0,1280
195,Nvidia,TSMC,Pascal,9,2016,3935.0,3072.0,GDDR5,192,1506.0,2002.0,16.0,7200.0,22.9,314.0,200.0,81.98,123.0,2048.0,2560
196,Nvidia,TSMC,Pascal,9,2016,4375.0,5120.0,GDDR5,160,1506.0,2002.0,16.0,4400.0,22.0,200.0,120.0,68.36,136.7,1536.0,1280
197,Nvidia,TSMC,Pascal,9,2016,4375.0,6144.0,GDDR5,192,1506.0,2002.0,16.0,4400.0,22.0,200.0,120.0,82.03,136.7,1536.0,1280
198,Nvidia,TSMC,Pascal,9,2016,4375.0,6144.0,GDDR5,192,1506.0,2002.0,16.0,4400.0,22.0,200.0,120.0,82.03,136.7,1536.0,1280
199,Nvidia,TSMC,Pascal,9,2016,4372.0,6144.0,GDDR5,192,1506.0,2002.0,16.0,7200.0,22.9,314.0,200.0,81.98,136.6,2048.0,2560
200,Nvidia,TSMC,Pascal,9,2016,4375.0,6144.0,GDDR5,192,1506.0,2257.0,16.0,4400.0,22.0,200.0,120.0,82.03,136.7,1536.0,1280
201,Nvidia,TSMC,Pascal,9,2016,4375.0,6144.0,GDDR5X,192,1506.0,1001.0,16.0,7200.0,22.9,314.0,200.0,82.03,136.7,2048.0,2560
202,Nvidia,TSMC,Pascal,9,2016,4375.0,8192.0,GDDR5X,256,1506.0,1001.0,16.0,7200.0,22.9,314.0,200.0,109.4,136.7,2048.0,2560
203,Nvidia,TSMC,Pascal,9,2016,6463.0,8192.0,GDDR5,256,1506.0,2002.0,16.0,7200.0,22.9,314.0,200.0,107.7,202.0,2048.0,2560
204,Nvidia,TSMC,Pascal,9,2016,6463.0,8192.0,GDDR5X,256,1506.0,1001.0,16.0,7200.0,22.9,314.0,200.0,107.7,202.0,2048.0,2560
205,Nvidia,TSMC,Pascal,9,2016,8186.0,8192.0,GDDR5,256,1607.0,2002.0,16.0,7200.0,22.9,314.0,200.0,107.7,255.8,2048.0,2560
206,Nvidia,TSMC,Pascal,9,2016,8873.0,8192.0,GDDR5X,256,1607.0,1251.0,16.0,7200.0,22.9,314.0,200.0,110.9,277.3,2048.0,2560
207,Nvidia,TSMC,Pascal,9,2016,8873.0,8192.0,GDDR5X,256,1607.0,1376.0,16.0,7200.0,22.9,314.0,200.0,110.9,277.3,2048.0,2560
208,Nvidia,TSMC,Pascal,9,2016,10690.0,10240.0,GDDR5X,320,1557.0,1376.0,16.0,11800.0,25.1,471.0,250.0,133.6,334.0,3072.0,3840
209,Nvidia,TSMC,Pascal,9,2016,10690.0,12288.0,GDDR5X,384,1557.0,1376.0,16.0,11800.0,25.1,471.0,250.0,133.6,334.0,3072.0,3840
210,Nvidia,TSMC,Pascal,9,2016,11340.0,11264.0,GDDR5X,352,1481.0,1376.0,16.0,11800.0,25.1,471.0,250.0,139.2,354.4,3072.0,3840
211,Nvidia,TSMC,Pascal,9,2016,10970.0,12288.0,GDDR5X,384,1417.0,1251.0,16.0,11800.0,25.1,471.0,250.0,147.0,342.9,3072.0,3840
212,Nvidia,TSMC,Pascal,9,2016,12150.0,12288.0,GDDR5X,384,1405.0,1426.0,16.0,11800.0,25.1,471.0,250.0,151.9,379.7,3072.0,3840
213,Nvidia,TSMC,Volta,10,2017,14900.0,12288.0,HBM2,3072,1200.0,848.0,12.0,21100.0,25.9,815.0,300.0,139.7,465.6,6144.0,5376
214,Nvidia,TSMC,Volta,10,2017,14900.0,32768.0,HBM2,4096,1200.0,848.0,12.0,21100.0,25.9,815.0,300.0,186.2,465.6,6144.0,5376
215,Nvidia,TSMC,Turing,11,2018,1828.0,4096.0,GDDR6,64,1740.0,1500.0,12.0,4700.0,23.5,200.0,75.0,28.56,57.12,1024.0,1024
216,Nvidia,TSMC,Turing,11,2018,2984.0,4096.0,GDDR5,128,1485.0,2001.0,12.0,4700.0,23.5,200.0,75.0,53.28,93.24,1024.0,1024
217,Nvidia,TSMC,Turing,11,2018,2849.0,4096.0,GDDR6,128,1410.0,1500.0,12.0,4700.0,23.5,200.0,75.0,50.88,89.04,1024.0,1024
218,Nvidia,TSMC,Turing,11,2018,2849.0,4096.0,GDDR6,128,1410.0,1500.0,12.0,6600.0,23.2,284.0,125.0,50.88,89.04,1536.0,1536
219,Nvidia,TSMC,Turing,11,2018,2849.0,4096.0,GDDR6,128,1410.0,1500.0,12.0,10800.0,24.3,445.0,185.0,50.88,89.04,4096.0,2304
220,Nvidia,TSMC,Turing,11,2018,4416.0,4096.0,GDDR6,128,1530.0,1500.0,12.0,6600.0,23.2,284.0,125.0,55.2,138.0,1536.0,1536
221,Nvidia,TSMC,Turing,11,2018,5027.0,6144.0,GDDR5,192,1530.0,2001.0,12.0,6600.0,23.2,284.0,125.0,85.68,157.1,1536.0,1536
222,Nvidia,TSMC,Turing,11,2018,5027.0,6144.0,GDDR6,192,1530.0,1750.0,12.0,6600.0,23.2,284.0,125.0,85.68,157.1,1536.0,1536
223,Nvidia,TSMC,Turing,11,2018,5437.0,6144.0,GDDR6,192,1500.0,1500.0,12.0,6600.0,23.2,284.0,125.0,84.96,169.9,1536.0,1536
224,Nvidia,TSMC,Turing,11,2018,6451.0,6144.0,GDDR6,192,1365.0,1750.0,12.0,10800.0,24.3,445.0,185.0,80.64,201.6,4096.0,2304
225,Nvidia,TSMC,Turing,11,2018,6451.0,6144.0,GDDR6,192,1365.0,1750.0,12.0,13600.0,25.0,545.0,250.0,80.64,201.6,4096.0,3072
226,Nvidia,TSMC,Turing,11,2018,7181.0,12288.0,GDDR6,192,1470.0,1750.0,12.0,10800.0,24.3,445.0,185.0,79.2,224.4,4096.0,2304
227,Nvidia,TSMC,Turing,11,2018,7181.0,8192.0,GDDR6,256,1470.0,1750.0,12.0,10800.0,24.3,445.0,185.0,105.6,224.4,4096.0,2304
228,Nvidia,TSMC,Turing,11,2018,7465.0,8192.0,GDDR6,256,1410.0,1750.0,12.0,10800.0,24.3,445.0,185.0,103.7,233.3,4096.0,2304
229,Nvidia,TSMC,Turing,11,2018,9062.0,8192.0,GDDR6,256,1605.0,1750.0,12.0,13600.0,25.0,545.0,250.0,113.3,283.2,4096.0,3072
230,Nvidia,TSMC,Turing,11,2018,10070.0,8192.0,GDDR6,256,1515.0,1750.0,12.0,13600.0,25.0,545.0,250.0,109.4,314.6,4096.0,3072
231,Nvidia,TSMC,Turing,11,2018,10510.0,8192.0,GDDR6,256,1515.0,1750.0,12.0,13600.0,25.0,545.0,250.0,109.4,328.3,4096.0,3072
232,Nvidia,TSMC,Turing,11,2018,11150.0,8192.0,GDDR6,256,1650.0,1937.0,12.0,13600.0,25.0,545.0,250.0,116.2,348.5,4096.0,3072
233,Nvidia,TSMC,Turing,11,2018,13450.0,11264.0,GDDR6,352,1350.0,1750.0,12.0,18600.0,24.7,754.0,280.0,136.0,420.2,6144.0,4608
234,Nvidia,TSMC,Turing,11,2018,15210.0,12288.0,GDDR6,384,1410.0,2000.0,12.0,18600.0,24.7,754.0,280.0,158.4,475.2,6144.0,4608
235,Nvidia,TSMC,Turing,11,2018,16309.999999999998,24576.0,GDDR6,384,1350.0,1750.0,12.0,18600.0,24.7,754.0,280.0,169.9,509.8,6144.0,4608
236,Nvidia,Samsung,Ampere,12,2020,7127.0,4096.0,GDDR6,128,1545.0,1500.0,8.0,8700.0,43.5,200.0,250.0,55.68,111.4,2048.0,2560
237,Nvidia,Samsung,Ampere,12,2020,6774.0,6144.0,GDDR6,96,1042.0,1750.0,8.0,8700.0,43.5,200.0,250.0,47.04,105.8,2048.0,2560
238,Nvidia,Samsung,Ampere,12,2020,8087.0,8192.0,GDDR6,128,1515.0,1750.0,8.0,12000.0,43.5,276.0,185.0,56.16,126.4,3072.0,3840
239,Nvidia,Samsung,Ampere,12,2020,9098.0,8192.0,GDDR6,128,1552.0,1750.0,8.0,8700.0,43.5,200.0,250.0,56.86,142.2,2048.0,2560
240,Nvidia,Samsung,Ampere,12,2020,9098.0,8192.0,GDDR6,128,1552.0,1750.0,8.0,12000.0,43.5,276.0,185.0,56.86,142.2,3072.0,3840
241,Nvidia,Samsung,Ampere,12,2020,12740.0,8192.0,GDDR6,128,1320.0,1875.0,8.0,12000.0,43.5,276.0,185.0,85.3,199.0,3072.0,3840
242,Nvidia,Samsung,Ampere,12,2020,12740.0,8192.0,GDDR6,128,1320.0,1875.0,8.0,17400.0,44.4,392.0,290.0,113.7,199.0,4096.0,6144
243,Nvidia,Samsung,Ampere,12,2020,12740.0,12288.0,GDDR6,192,1320.0,1875.0,8.0,12000.0,43.5,276.0,185.0,85.3,199.0,3072.0,3840
244,Nvidia,Samsung,Ampere,12,2020,12740.0,12288.0,GDDR6,192,1320.0,1875.0,8.0,17400.0,44.4,392.0,290.0,113.7,199.0,4096.0,6144
245,Nvidia,Samsung,Ampere,12,2020,14220.0,6144.0,GDDR6,192,1627.0,1750.0,8.0,12000.0,43.5,276.0,185.0,88.9,222.2,3072.0,3840
246,Nvidia,Samsung,Ampere,12,2020,16200.0,8192.0,GDDR6,256,1410.0,1750.0,8.0,17400.0,44.4,392.0,290.0,133.2,253.1,4096.0,6144
247,Nvidia,Samsung,Ampere,12,2020,16200.0,8192.0,GDDR6,256,1410.0,1750.0,8.0,22000.0,44.4,496.0,200.0,133.2,253.1,4096.0,7680
248,Nvidia,Samsung,Ampere,12,2020,16200.0,8192.0,GDDR6X,256,1410.0,1188.0,8.0,17400.0,44.4,392.0,290.0,133.2,253.1,4096.0,6144
249,Nvidia,Samsung,Ampere,12,2020,20310.0,8192.0,GDDR6,256,1500.0,1750.0,8.0,17400.0,44.4,392.0,290.0,165.6,317.4,4096.0,6144
250,Nvidia,Samsung,Ampere,12,2020,16600.0,8192.0,GDDR6,256,915.0,1750.0,8.0,17400.0,44.4,392.0,290.0,135.4,259.4,4096.0,6144
251,Nvidia,Samsung,Ampere,12,2020,21750.0,8192.0,GDDR6X,256,1575.0,1188.0,8.0,17400.0,44.4,392.0,290.0,169.9,339.8,4096.0,6144
252,Nvidia,Samsung,Ampere,12,2020,21750.0,8192.0,GDDR6X,256,1575.0,1188.0,8.0,28300.0,45.1,628.0,450.0,169.9,339.8,6144.0,10752
253,Nvidia,Samsung,Ampere,12,2020,21750.0,16384.0,GDDR6X,256,1575.0,1188.0,8.0,17400.0,44.4,392.0,290.0,169.9,339.8,4096.0,6144
254,Nvidia,Samsung,Ampere,12,2020,29770.0,10240.0,GDDR6X,320,1440.0,1188.0,8.0,28300.0,45.1,628.0,450.0,164.2,465.1,6144.0,10752
255,Nvidia,Samsung,Ampere,12,2020,30640.0,12288.0,GDDR6X,384,1260.0,1188.0,8.0,28300.0,45.1,628.0,450.0,164.2,478.8,6144.0,10752
256,Nvidia,Samsung,Ampere,12,2020,34100.0,12288.0,GDDR6X,384,1365.0,1188.0,8.0,28300.0,45.1,628.0,450.0,186.5,532.8,6144.0,10752
257,Nvidia,Samsung,Ampere,12,2020,34100.0,20480.0,GDDR6X,320,1335.0,1188.0,8.0,28300.0,45.1,628.0,450.0,186.5,532.8,6144.0,10752
258,Nvidia,Samsung,Ampere,12,2020,35580.0,24576.0,GDDR6X,384,1395.0,1219.0,8.0,28300.0,45.1,628.0,450.0,189.8,556.0,6144.0,10752
259,Nvidia,Samsung,Ampere,12,2020,40000.0,24576.0,GDDR6X,384,1560.0,1313.0,8.0,28300.0,45.1,628.0,450.0,208.3,625.0,6144.0,10752
260,Nvidia,TSMC,Ada Lovelace,13,2022,13520.0,6144.0,GDDR6,96,2505.0,2250.0,5.0,18900.0,118.9,159.0,150.0,84.48,211.2,32768.0,3072
261,Nvidia,TSMC,Ada Lovelace,13,2022,15110.0,8192.0,GDDR6,128,1830.0,2125.0,5.0,18900.0,118.9,159.0,150.0,118.1,236.2,32768.0,3072
262,Nvidia,TSMC,Ada Lovelace,13,2022,15110.0,8192.0,GDDR6,128,1830.0,2125.0,5.0,22900.0,121.8,188.0,165.0,118.1,236.2,32768.0,4608
263,Nvidia,TSMC,Ada Lovelace,13,2022,22060.0,8192.0,GDDR6,128,2310.0,2250.0,5.0,22900.0,121.8,188.0,165.0,121.7,344.8,32768.0,4608
264,Nvidia,TSMC,Ada Lovelace,13,2022,22060.0,8192.0,GDDR6,128,2310.0,2250.0,5.0,35800.0,121.8,294.0,285.0,121.7,344.8,49152.0,7680
265,Nvidia,TSMC,Ada Lovelace,13,2022,22060.0,16384.0,GDDR6,128,2310.0,2250.0,5.0,22900.0,121.8,188.0,165.0,121.7,344.8,32768.0,4608
266,Nvidia,TSMC,Ada Lovelace,13,2022,29150.0,12288.0,GDDR6X,192,1920.0,1313.0,5.0,35800.0,121.8,294.0,285.0,158.4,455.4,49152.0,7680
267,Nvidia,TSMC,Ada Lovelace,13,2022,29150.0,12288.0,GDDR6X,192,1920.0,1313.0,5.0,45900.0,121.1,379.0,320.0,158.4,455.4,65536.0,10240
268,Nvidia,TSMC,Ada Lovelace,13,2022,35480.0,12288.0,GDDR6X,192,1980.0,1313.0,5.0,35800.0,121.8,294.0,285.0,198.0,554.4,49152.0,7680
269,Nvidia,TSMC,Ada Lovelace,13,2022,40090.0,12288.0,GDDR6X,192,2310.0,1313.0,5.0,35800.0,121.8,294.0,285.0,208.8,626.4,49152.0,7680
270,Nvidia,TSMC,Ada Lovelace,13,2022,44100.0,16384.0,GDDR6X,256,2340.0,1313.0,5.0,45900.0,121.1,379.0,320.0,250.6,689.0,65536.0,10240
271,Nvidia,TSMC,Ada Lovelace,13,2022,40090.0,12288.0,GDDR6X,192,2310.0,1313.0,5.0,35800.0,121.8,294.0,285.0,208.8,626.4,49152.0,7680
272,Nvidia,TSMC,Ada Lovelace,13,2022,48740.0,16384.0,GDDR6X,256,2205.0,1400.0,5.0,45900.0,121.1,379.0,320.0,280.6,761.5,65536.0,10240
273,Nvidia,TSMC,Ada Lovelace,13,2022,52220.0,16384.0,GDDR6X,256,2295.0,1438.0,5.0,45900.0,121.1,379.0,320.0,285.6,816.0,65536.0,10240
274,Nvidia,TSMC,Ada Lovelace,13,2022,67580.0,20480.0,GDDR6X,320,2100.0,1325.0,5.0,76300.0,125.3,609.0,800.0,345.6,1056.0,98304.0,18432
275,Nvidia,TSMC,Ada Lovelace,13,2022,73540.0,24576.0,GDDR6X,384,2280.0,1313.0,5.0,76300.0,125.3,609.0,800.0,443.5,1149.0,98304.0,18432
276,Nvidia,TSMC,Ada Lovelace,13,2022,82580.0,24576.0,GDDR6X,384,2235.0,1313.0,5.0,76300.0,125.3,609.0,800.0,443.5,1290.0,98304.0,18432
277,Nvidia,TSMC,Ada Lovelace,13,2022,93240.0,24576.0,GDDR6X,384,2325.0,1500.0,5.0,76300.0,125.3,609.0,800.0,492.5,1457.0,98304.0,18432
278,Nvidia,TSMC,Ada Lovelace,13,2022,92900.0,49152.0,GDDR6X,384,2235.0,1500.0,5.0,76300.0,125.3,609.0,800.0,483.8,1452.0,98304.0,18432
